Id;Degree deviation;Degree;Neighbors;Connective redudancy
730;9.866;82;74;0.098
563;8.483;66;53;0.197
674;45.442;160;152;0.05
571;27.958;123;113;0.081
667;21.933;128;119;0.07
822;13.102;67;59;0.119
552;5.873;47;42;0.106
1889;7.936;41;36;0.122
1859;19.041;112;107;0.045
1487;15.615;99;90;0.091
1489;21.196;99;95;0.04
1356;28.987;136;129;0.051
751;18.019;83;76;0.084
1792;5.873;51;46;0.098
1351;6.041;51;48;0.059
1155;44.595;181;169;0.066
1074;16.272;75;70;0.067
675;1.829;30;26;0.133
677;16.907;92;86;0.065
1659;3.563;36;32;0.111
679;5.897;47;43;0.085
149;5.54;36;34;0.056
1319;19.204;114;105;0.079
311;41.024;183;170;0.071
889;5.194;57;52;0.088
126;10.152;65;61;0.062
296;48.497;199;189;0.05
1270;14.798;97;87;0.103
1483;4.62;47;43;0.085
1512;27.61;154;141;0.084
1077;2.231;29;26;0.103
671;1.666;23;20;0.13
1771;4.189;34;32;0.059
615;2.997;20;18;0.1
941;14.28;61;58;0.049
566;2.799;29;25;0.138
1864;6.884;81;69;0.148
1031;11.83;53;48;0.094
438;9.225;52;51;0.019
1073;1.069;14;11;0.214
1083;5.083;36;32;0.111
672;8.244;59;51;0.136
317;73.727;262;251;0.042
748;5.866;36;35;0.028
993;21.467;116;100;0.138
673;3.251;42;39;0.071
203;37.972;190;174;0.084
678;8.278;87;78;0.103
56;34.993;165;153;0.073
670;5.151;32;27;0.156
1078;9.249;50;46;0.08
192;19.261;85;81;0.047
1480;11.373;65;61;0.062
918;5.345;42;38;0.095
361;4.309;28;25;0.107
152;4.17;38;35;0.079
26;11.837;57;57;0
676;2.507;35;34;0.029
1075;9.376;65;63;0.031
1563;10.648;66;61;0.076
568;13.632;62;58;0.065
1545;23.76;108;103;0.046
1076;7.18;48;45;0.062
1631;5.827;38;32;0.158
1072;10.473;81;74;0.086
1529;8.778;58;55;0.052
1650;3.201;32;27;0.156
369;18.607;82;76;0.073
1557;11.957;55;52;0.055
818;8.271;62;57;0.081
1071;15.142;62;60;0.032
1066;33.401;142;133;0.063
1158;3.01;33;28;0.152
1537;4.17;31;27;0.129
523;4.891;30;27;0.1
573;7.267;46;44;0.043
1855;5.182;49;48;0.02
278;19.558;73;72;0.014
55;33.78;124;119;0.04
362;8.91;45;42;0.067
1482;9.647;61;59;0.033
223;6.243;43;42;0.023
1484;2.777;28;24;0.143
1789;1.761;18;15;0.167
756;4.94;34;33;0.029
433;7.42;51;45;0.118
553;2.921;24;21;0.125
1079;10.749;55;53;0.036
1485;5.067;46;42;0.087
94;2.864;23;21;0.087
1790;16.383;69;64;0.072
1494;49.619;168;166;0.012
1112;3.891;35;29;0.171
1488;8.586;49;46;0.061
447;2.204;21;19;0.095
1080;5.897;37;37;0
333;19.418;86;84;0.023
1255;1.591;18;16;0.111
1411;27.804;149;139;0.067
561;11.21;73;70;0.041
978;8.839;50;47;0.06
1374;4.978;37;35;0.054
821;6.99;42;40;0.048
1540;8.219;55;53;0.036
198;7.497;40;39;0.025
572;2.06;24;22;0.083
214;5.175;33;30;0.091
322;9.92;57;54;0.053
1486;9.702;55;51;0.073
1559;6.522;45;41;0.089
1630;10.294;73;69;0.055
308;3.614;30;29;0.033
15;19.606;71;69;0.028
442;9.634;59;57;0.034
1755;9.134;49;48;0.02
403;24.645;95;92;0.032
1111;5.151;24;24;0
202;1.591;18;17;0.056
1479;4.165;33;31;0.061
1049;13.137;63;60;0.048
1618;3.886;32;28;0.125
1863;2.1;29;27;0.069
1857;1.591;25;24;0.04
1858;3.959;25;25;0
404;17.069;65;63;0.031
42;2.9;34;32;0.059
1856;6.318;37;35;0.054
1861;8.843;54;53;0.019
409;17.831;102;96;0.059
1160;5.876;38;34;0.105
1862;6.02;31;29;0.065
1161;2.871;31;26;0.161
1564;3.452;30;29;0.033
408;3.603;27;26;0.037
237;2.718;24;23;0.042
1786;23.175;79;79;0
406;8.167;48;47;0.021
754;21.79;95;91;0.042
1561;1.761;18;17;0.056
1788;8.935;50;48;0.04
1860;3.423;21;20;0.048
1156;1.457;20;18;0.1
40;2.321;25;24;0.04
407;3.452;33;32;0.03
1560;19.813;84;84;0
399;7.624;50;49;0.02
750;4.986;28;26;0.071
402;11.192;57;57;0
1566;2.231;22;21;0.045
405;3.99;33;33;0
398;3.87;34;33;0.029
749;5.417;33;32;0.03
753;2.997;20;19;0.05
752;8.903;57;55;0.035
755;4.764;41;38;0.073
757;5.65;33;31;0.061
204;1.485;16;15;0.062
205;13.254;53;51;0.038
1148;3.703;42;38;0.095
1153;1.99;17;16;0.059
1162;3.11;31;28;0.097
1154;7.573;51;50;0.02
468;3.534;26;25;0.038
1159;3.614;37;34;0.081
1657;0.881;16;15;0.062
54;2.531;29;27;0.069
1157;30.537;107;106;0.009
1069;5.398;28;27;0.036
450;4.747;45;39;0.133
1841;7.106;44;42;0.045
1562;2.619;21;20;0.048
1005;2.499;25;25;0
37;2.312;26;25;0.038
1505;2.763;23;22;0.043
1565;4.953;31;29;0.065
1794;11.63;55;52;0.055
689;1.917;18;16;0.111
967;14.894;62;58;0.065
570;4.928;35;30;0.143
39;4.625;52;49;0.058
53;6.707;43;41;0.047
1558;3.603;34;31;0.088
86;3.411;23;20;0.13
52;17.975;73;71;0.027
1057;5.566;36;33;0.083
57;15.563;72;66;0.083
957;23.554;142;132;0.07
569;7.717;36;34;0.056
1542;21.613;108;103;0.046
1653;10.292;44;41;0.068
496;5.063;44;42;0.045
59;12.822;71;69;0.028
50;1.979;26;25;0.038
558;2.129;17;16;0.059
38;2.491;23;22;0.043
131;5.566;34;30;0.118
58;1.178;17;16;0.059
1734;4.747;24;23;0.042
51;6.547;28;26;0.071
79;4.155;20;18;0.1
36;3.642;27;25;0.074
1163;6.54;47;44;0.064
1752;11.792;58;55;0.052
567;13.74;65;62;0.046
41;4.305;25;23;0.08
1088;2.499;18;17;0.056
817;4.806;32;31;0.031
1793;20.88;94;90;0.043
944;4.504;35;33;0.057
43;4.716;38;37;0.026
559;1.125;13;13;0
1544;18.09;69;67;0.029
452;8.194;35;34;0.029
443;1.178;17;15;0.118
34;1.552;20;16;0.2
35;24.712;97;94;0.031
529;4.504;21;19;0.095
446;6.379;34;32;0.059
643;8.806;48;48;0
1791;3.245;25;22;0.12
1785;12.362;59;58;0.017
1137;2.748;27;25;0.074
1279;12.922;69;65;0.058
1634;30.045;132;123;0.068
448;4.371;32;31;0.031
1866;6.111;33;31;0.061
962;10.675;53;51;0.038
1787;3.239;26;26;0
1539;3.563;29;27;0.069
564;2.814;30;26;0.133
7;28.322;99;97;0.02
338;8.764;46;43;0.065
1538;1.03;12;11;0.083
1655;3.923;31;29;0.065
1536;0.833;13;11;0.154
1282;18.365;64;62;0.031
1651;2.673;21;18;0.143
1652;3.01;19;18;0.053
1628;16.884;79;76;0.038
923;8.154;47;46;0.021
182;3.72;27;26;0.037
109;3.99;26;25;0.038
1654;11.695;75;73;0.027
1656;3.54;25;24;0.04
1541;5.675;37;35;0.054
688;5.901;25;23;0.08
437;7.706;45;43;0.044
1658;4.924;32;27;0.156
661;3.399;22;20;0.091
22;12.152;66;62;0.061
1373;2.748;20;18;0.1
1249;14.211;66;65;0.015
951;3.458;24;24;0
1584;4.101;32;29;0.094
799;4.527;30;29;0.033
385;1.69;14;12;0.143
707;7.874;35;34;0.029
1543;8.051;38;36;0.053
1120;3.201;24;22;0.083
1474;2.33;21;20;0.048
334;15.357;62;61;0.016
184;0.728;11;8;0.273
1803;12.449;76;73;0.039
325;9.681;49;47;0.041
326;4.14;28;25;0.107
816;2.33;21;20;0.048
1745;6.366;32;30;0.062
428;10.643;57;51;0.105
555;30.336;122;115;0.057
1300;14.657;59;56;0.051
194;5.026;34;33;0.029
197;4.371;24;21;0.125
29;6.77;48;45;0.062
330;5.151;39;37;0.051
565;12.02;68;63;0.074
444;40.364;127;123;0.031
445;10.66;61;57;0.066
517;5.817;27;26;0.037
562;32.438;117;112;0.043
687;9.783;49;47;0.041
1763;4.853;29;28;0.034
331;4.015;27;25;0.074
451;3.194;26;25;0.038
739;2.821;18;18;0
1760;9.871;63;55;0.127
266;7.592;33;30;0.091
1135;8.972;37;36;0.027
1758;4.504;21;20;0.048
449;2.949;27;25;0.074
1;2.491;23;22;0.043
1843;2.642;20;17;0.15
206;1.841;17;14;0.176
691;2.673;21;19;0.095
329;2.619;21;18;0.143
327;1.773;14;13;0.071
815;5.071;28;26;0.071
2;0.904;10;10;0
3;3.156;18;18;0
4;2.814;16;16;0
5;8.315;49;47;0.041
6;18.729;82;77;0.061
8;9.934;48;46;0.042
9;2.499;17;17;0
10;6.719;35;33;0.057
11;4.03;25;24;0.04
12;7.809;41;41;0
13;3.918;23;23;0
14;3.87;20;20;0
16;8.149;48;46;0.042
17;3.27;22;21;0.045
18;12.256;51;50;0.02
19;37.848;124;124;0
20;12.933;50;50;0
21;4.051;27;26;0.037
23;3.239;19;19;0
24;1.979;16;16;0
25;2.711;19;19;0
27;9.79;36;35;0.028
28;9.547;42;42;0
30;31.46;98;98;0
31;1.917;17;17;0
32;2.587;15;15;0
33;5.303;22;21;0.045
44;5.65;23;23;0
45;1.4;10;9;0.1
46;2.119;16;16;0
47;6.135;30;28;0.067
48;8.219;48;47;0.021
49;1.591;10;9;0.1
60;4.982;25;25;0
61;3.411;26;25;0.038
62;2.928;14;14;0
63;1.552;13;13;0
64;14.049;67;63;0.06
65;3.411;19;19;0
66;17.831;59;58;0.017
67;2.204;14;14;0
68;7.54;35;35;0
69;2.39;14;13;0.071
70;10.006;50;50;0
71;18.706;65;64;0.015
72;15.973;70;70;0
73;1.4;10;10;0
74;20.497;83;83;0
75;3.614;16;15;0.062
76;5.753;38;36;0.053
77;8.746;33;30;0.091
78;9.424;39;37;0.051
80;9.04;35;34;0.029
81;2.657;16;16;0
82;6.655;35;34;0.029
83;1.278;9;9;0
84;2.499;17;16;0.059
85;3.681;20;20;0
87;6.863;39;38;0.026
88;2.03;15;12;0.2
89;7.16;34;33;0.029
90;8.296;46;44;0.043
91;10.467;57;54;0.053
92;8.157;39;38;0.026
93;5.383;20;20;0
95;2.231;15;15;0
96;7.959;40;40;0
97;2.25;16;15;0.062
98;10.669;48;46;0.042
99;8.732;46;46;0
100;2.231;15;15;0
101;5.284;26;26;0
102;5.65;23;23;0
103;2.07;14;14;0
104;1.979;12;11;0.083
105;10.595;46;46;0
106;12.567;47;46;0.021
107;11.969;55;51;0.073
108;3.283;19;19;0
110;7.166;37;37;0
111;1.294;10;10;0
112;0.833;8;8;0
113;1.278;9;8;0.111
114;9.598;57;56;0.018
115;3.959;17;17;0
116;73.647;230;227;0.013
117;7.651;31;30;0.032
118;1.906;12;12;0
119;3.698;24;22;0.083
120;1.278;12;10;0.167
121;3.692;23;22;0.043
122;7.225;33;30;0.091
123;3.817;21;19;0.095
124;7.586;36;34;0.056
125;2.231;13;12;0.077
127;1.829;12;12;0
128;4.716;24;23;0.042
129;3.574;26;25;0.038
130;14.919;56;54;0.036
132;5.006;26;25;0.038
133;8.958;38;36;0.053
134;3.194;19;19;0
135;3.62;17;16;0.059
136;2.657;16;15;0.062
137;15.819;59;57;0.034
138;1.959;15;14;0.067
139;4.17;25;21;0.16
140;9.387;48;45;0.062
141;12.677;57;56;0.018
142;1.161;9;9;0
143;1.4;10;9;0.1
144;3.854;21;21;0
145;8.084;30;28;0.067
146;11.256;48;48;0
147;2.587;13;12;0.077
148;5.222;27;27;0
150;1.666;12;11;0.083
151;4.998;22;21;0.045
153;1.4;11;11;0
154;1.294;11;10;0.091
155;6.468;34;30;0.118
156;4.891;23;23;0
157;1.726;13;11;0.154
158;1.4;10;8;0.2
159;2.619;14;13;0.071
160;2.491;16;15;0.062
161;10.124;37;36;0.027
162;4.338;17;16;0.059
163;13.668;46;44;0.043
164;13.021;43;40;0.07
165;5.973;25;23;0.08
166;3.614;16;16;0
167;0.99;8;7;0.125
168;2.474;13;12;0.077
169;7.54;28;28;0
170;4.567;21;20;0.048
171;8.843;44;44;0
172;14.099;47;47;0
173;12.139;37;37;0
174;0.881;5;5;0
175;6.734;30;28;0.067
176;1.457;8;7;0.125
177;17.17;74;74;0
178;3.758;15;15;0
179;24.347;93;91;0.022
180;7.279;29;29;0
181;4.422;20;19;0.05
183;3.774;18;18;0
185;4.866;24;23;0.042
186;1.485;9;8;0.111
187;4.061;16;16;0
188;2.05;12;12;0
189;0.881;5;4;0.2
190;5.577;25;24;0.04
191;12.395;40;39;0.025
193;3.423;14;14;0
195;3.136;15;14;0.067
196;2.531;15;14;0.067
199;4.777;17;16;0.059
200;4.175;21;20;0.048
201;2.433;12;12;0
207;6.115;24;23;0.042
208;1.829;9;8;0.111
209;1.552;8;7;0.125
210;8.876;37;36;0.027
211;2.441;11;10;0.091
212;7.491;34;34;0
213;2.433;12;11;0.083
215;13.521;52;52;0
216;4.204;18;18;0
217;2.718;11;11;0
218;16.834;73;72;0.014
219;2.441;11;10;0.091
220;4.802;19;19;0
221;1.75;9;9;0
222;1.917;11;9;0.182
224;22.879;70;70;0
225;10.302;34;33;0.029
226;2.85;13;13;0
227;1.829;9;9;0
228;1.726;8;8;0
229;7.323;33;30;0.091
230;7.567;29;29;0
231;1.726;8;8;0
232;6.698;28;28;0
233;2.976;14;13;0.071
234;4.29;20;20;0
235;5.447;24;24;0
236;2.718;11;11;0
238;4.567;21;21;0
239;2.382;11;11;0
240;7.245;23;23;0
241;2.129;10;10;0
242;1.829;9;9;0
243;5.288;24;24;0
244;1.99;10;10;0
245;13.743;49;49;0
246;1.414;7;7;0
247;1.726;8;8;0
248;12.017;41;41;0
249;17.685;54;54;0
250;4.257;20;20;0
251;0.728;4;4;0
252;2.548;12;11;0.083
253;24.094;81;80;0.012
254;2.695;13;13;0
255;1.829;9;9;0
256;1.726;8;8;0
257;2.129;10;10;0
258;4.853;22;22;0
259;3.482;15;15;0
260;1.414;7;7;0
261;5.123;18;18;0
262;10.315;34;34;0
263;1.309;7;7;0
264;14.937;45;45;0
265;5.817;20;20;0
267;17.258;55;55;0
268;1.414;7;7;0
269;2.259;11;11;0
270;2.763;12;11;0.083
271;5.624;26;26;0
272;3.758;15;15;0
273;3.423;14;14;0
274;1.69;7;7;0
275;1.726;8;7;0.125
276;0.881;5;5;0
277;7.149;32;31;0.031
279;1.726;8;8;0
280;4.403;18;18;0
281;7.248;39;35;0.103
282;2.548;12;11;0.083
283;0.728;4;3;0.25
284;0.99;6;5;0.167
285;3.423;14;14;0
286;10.635;38;36;0.053
287;1.355;6;6;0
288;18.734;57;57;0
289;13.403;44;43;0.023
290;2.195;11;11;0
291;2.05;9;9;0
292;1.03;5;5;0
293;3.742;14;13;0.071
294;2.718;11;11;0
295;2.548;12;11;0.083
297;1.414;7;7;0
298;7.557;31;31;0
299;16.185;53;53;0
300;3.064;11;11;0
301;9.289;35;33;0.057
302;2.129;10;10;0
303;2.441;11;11;0
304;1.99;10;10;0
305;1.726;8;8;0
306;3.399;13;13;0
307;3.064;11;11;0
309;1.125;6;6;0
310;5.026;22;22;0
312;0.728;4;4;0
313;13.057;44;44;0
314;2.777;14;13;0.071
315;6.496;23;23;0
316;6.599;29;27;0.069
318;3.381;14;13;0.071
319;9.256;32;30;0.062
320;8.855;36;35;0.028
321;3.574;16;15;0.062
323;2.711;16;16;0
324;18.57;63;63;0
328;2.85;13;11;0.154
332;5.514;22;21;0.045
335;3.458;17;16;0.059
336;4.106;14;14;0
337;5.425;21;20;0.048
339;3.886;17;17;0
340;6.512;22;22;0
341;4.223;20;20;0
342;2.763;12;12;0
343;7.208;31;31;0
344;3.057;12;12;0
345;12.614;53;53;0
346;2.976;14;14;0
347;2.259;11;11;0
348;8.224;30;30;0
349;2.195;11;11;0
350;5.873;19;18;0.053
351;0.452;2;2;0
352;9.331;30;30;0
353;1.05;4;4;0
354;3.226;13;12;0.077
355;9.331;30;29;0.033
356;13.943;41;41;0
357;1.457;6;6;0
358;4.495;16;15;0.062
359;2.433;9;9;0
360;1.773;7;7;0
363;1.457;6;6;0
364;3.849;17;17;0
365;3.849;17;16;0.059
366;4.3;19;19;0
367;8.635;28;28;0
368;2.499;11;10;0.091
370;1.385;5;5;0
371;1.884;8;8;0
372;2.611;11;11;0
373;15.882;52;52;0
374;4.486;15;15;0
375;4.14;14;13;0.071
376;3.87;15;15;0
377;3.796;13;13;0
378;1.355;6;6;0
379;9.953;44;43;0.023
380;5.901;18;17;0.056
381;3.452;12;12;0
382;4.495;16;15;0.062
383;4.14;14;14;0
384;5.897;26;26;0
386;9.662;33;32;0.03
387;1.807;8;8;0
388;7.972;29;29;0
389;1.457;6;5;0.167
390;3.207;14;14;0
391;0.728;3;3;0
392;1.385;5;5;0
393;22.52;70;70;0
394;1.385;5;5;0
395;1.726;6;6;0
396;5.525;18;18;0
397;4.836;17;17;0
400;2.433;9;9;0
401;3.817;14;14;0
410;1.161;5;4;0.2
411;5.873;19;19;0
412;2.433;9;8;0.111
413;7.298;27;26;0.037
414;2.499;11;11;0
415;1.355;6;6;0
416;3.338;14;14;0
417;13.243;39;39;0
418;13.809;48;47;0.021
419;4.836;17;16;0.059
420;30.242;91;90;0.011
421;5.318;21;20;0.048
422;4.101;18;18;0
423;9.051;40;40;0
424;0.728;3;3;0
425;22.171;69;68;0.014
426;10.753;33;33;0
427;1.604;7;7;0
429;9.662;33;32;0.03
430;2.1;8;8;0
431;1.773;7;7;0
432;1.161;5;4;0.2
434;2.1;8;8;0
435;21.507;66;66;0
436;1.385;5;5;0
439;4.14;14;13;0.071
440;7.946;28;28;0
441;2.416;8;8;0
453;5.202;19;18;0.053
454;2.77;10;10;0
455;6.925;25;24;0.04
456;1.161;5;5;0
457;0.904;4;4;0
458;4.199;16;16;0
459;4.811;21;21;0
460;13.833;44;44;0
461;1.355;6;6;0
462;1.161;5;5;0
463;4.495;16;15;0.062
464;0.728;3;3;0
465;11.732;40;39;0.025
466;22.102;72;72;0
467;6.562;23;23;0
469;6.22;20;20;0
470;4.853;15;15;0
471;6.978;29;29;0
472;2.914;12;11;0.083
473;1.05;4;4;0
474;6.556;22;21;0.045
475;1.355;6;6;0
476;3.796;13;13;0
477;2.05;9;8;0.111
478;1.726;6;6;0
479;2.77;10;8;0.2
480;6.86;30;29;0.033
481;2.914;12;12;0
482;1.457;6;5;0.167
483;2.05;9;9;0
484;2.259;10;10;0
485;51.974;152;150;0.013
486;12.197;54;53;0.019
487;7.248;24;24;0
488;11.801;36;36;0
489;0.728;3;3;0
490;8.631;30;29;0.033
491;1.604;7;7;0
492;1.884;8;8;0
493;3.11;11;10;0.091
494;22.244;67;67;0
495;7.265;23;23;0
497;2.499;10;10;0
498;3.796;13;13;0
499;1.726;6;6;0
500;5.249;20;20;0
501;6.916;22;21;0.045
502;3.482;15;15;0
503;7.298;22;22;0
504;4.3;19;19;0
505;20.11;62;62;0
506;3.149;12;11;0.083
507;0.728;3;3;0
508;0.728;3;3;0
509;1.05;4;4;0
510;1.457;6;6;0
511;4.486;15;15;0
512;3.807;12;12;0
513;0.728;3;3;0
514;0.728;3;3;0
515;1.385;5;5;0
516;1.385;5;5;0
518;13.512;42;41;0.024
519;1.385;5;5;0
520;0.904;4;4;0
521;0.452;2;2;0
522;23.389;68;68;0
524;2.416;8;8;0
525;4.853;15;15;0
526;0.728;3;3;0
527;0.452;2;2;0
528;20.24;59;59;0
530;10.445;31;31;0
531;0.452;2;2;0
532;3.11;11;11;0
533;1.604;7;7;0
534;18.442;55;55;0
535;28.288;82;81;0.012
536;0.728;3;3;0
537;14.643;43;42;0.023
538;1.05;4;4;0
539;2.77;10;10;0
540;4.366;19;19;0
541;1.604;7;7;0
542;2.259;10;9;0.1
543;0.728;3;3;0
544;1.161;5;5;0
545;3.149;12;11;0.083
546;0.904;4;4;0
547;0.728;3;3;0
548;0.904;4;3;0.25
549;4.832;16;15;0.062
550;2.259;10;10;0
551;2.77;10;10;0
554;9.357;29;28;0.034
556;0.904;4;4;0
557;5.083;22;22;0
560;1.726;6;6;0
574;1.726;6;6;0
575;4.155;13;13;0
576;9.046;27;27;0
577;6.599;20;20;0
578;0.728;3;3;0
579;0.728;3;3;0
580;5.551;17;17;0
581;5.202;16;16;0
582;0.904;4;4;0
583;12.117;53;51;0.038
584;46.027;135;135;0
585;10.404;32;32;0
586;14.643;43;43;0
587;1.385;5;5;0
588;3.11;10;9;0.1
589;0.904;4;4;0
590;0.728;3;3;0
591;2.05;9;9;0
592;2.07;7;7;0
593;3.807;12;12;0
594;5.202;19;18;0.053
595;5.525;18;18;0
596;3.796;13;13;0
597;7.248;25;25;0
598;2.499;10;10;0
599;3.452;12;12;0
600;2.821;11;11;0
601;2.77;10;10;0
602;2.185;9;9;0
603;2.433;9;9;0
604;3.817;14;14;0
605;2.821;11;11;0
606;3.149;12;12;0
607;1.726;6;6;0
608;3.546;14;14;0
609;1.355;6;6;0
610;1.773;7;6;0.143
611;1.161;5;5;0
612;5.178;17;17;0
613;4.549;20;20;0
614;1.385;5;5;0
616;1.05;4;4;0
617;1.457;6;5;0.167
618;1.884;8;8;0
619;3.642;15;14;0.067
620;15.257;47;46;0.021
621;2.185;9;9;0
622;5.525;24;24;0
623;14.293;42;41;0.024
624;0.728;3;3;0
625;3.399;15;15;0
626;6.905;24;24;0
627;8.659;27;27;0
628;0.728;3;3;0
629;0.728;3;3;0
630;4.155;13;13;0
631;1.385;5;5;0
632;12.117;38;38;0
633;1.773;7;6;0.143
634;3.11;11;10;0.091
635;5.873;19;18;0.053
636;2.185;9;8;0.111
637;9.357;29;29;0
638;2.07;7;7;0
639;11.42;36;35;0.028
640;23.511;75;74;0.013
641;1.161;5;4;0.2
642;1.05;4;3;0.25
644;3.452;12;11;0.083
645;1.884;8;8;0
646;5.178;17;16;0.059
647;2.763;9;9;0
648;2.321;10;10;0
649;2.499;10;10;0
650;7.404;31;30;0.032
651;2.763;9;9;0
652;14.293;42;42;0
653;1.773;7;7;0
654;6.568;21;20;0.048
655;2.711;12;12;0
656;0.904;4;4;0
657;3.807;12;12;0
658;6.138;25;24;0.04
659;4.504;14;14;0
660;2.07;7;7;0
662;4.504;14;14;0
663;0.728;3;3;0
664;5.522;19;19;0
665;1.773;7;7;0
666;4.486;15;15;0
668;5.873;19;18;0.053
669;7.248;24;24;0
680;5.249;20;19;0.05
681;2.433;9;8;0.111
682;2.763;12;12;0
683;2.433;9;9;0
684;2.433;9;8;0.111
685;1.161;5;4;0.2
686;1.161;5;4;0.2
690;8.683;32;30;0.062
692;5.202;19;18;0.053
693;5.969;23;23;0
694;16.694;50;49;0.02
695;2.711;12;11;0.083
696;7.592;26;26;0
697;1.161;5;5;0
698;1.457;6;5;0.167
699;3.452;12;12;0
700;0.728;3;3;0
701;8.31;30;30;0
702;4.371;18;18;0
703;1.05;4;4;0
704;1.161;5;5;0
705;15.296;46;46;0
706;1.161;5;5;0
708;1.457;6;5;0.167
709;14.908;46;46;0
710;3.653;16;15;0.062
711;1.773;7;7;0
712;0.904;4;4;0
713;1.05;4;4;0
714;5.178;17;16;0.059
715;1.773;7;7;0
716;3.796;13;12;0.077
717;2.821;11;11;0
718;7.754;34;33;0.029
719;2.185;9;8;0.111
720;10.78;40;39;0.025
721;2.499;11;11;0
722;2.763;9;9;0
723;2.07;7;7;0
724;9.357;29;29;0
725;1.604;7;7;0
726;3.11;10;10;0
727;1.161;5;5;0
728;2.1;8;8;0
729;9.706;30;29;0.033
731;25.977;81;80;0.012
732;1.05;4;4;0
733;1.355;6;5;0.167
734;2.416;8;8;0
735;1.385;5;5;0
736;2.185;9;8;0.111
737;0.904;4;4;0
738;4.998;22;21;0.045
740;7.648;23;22;0.043
741;0.728;3;3;0
742;5.642;22;21;0.045
743;0.728;3;3;0
744;2.321;10;10;0
745;3.207;14;13;0.071
746;0.904;4;4;0
747;2.499;10;10;0
758;3.399;15;14;0.067
759;1.604;7;7;0
760;1.161;5;4;0.2
761;5.525;18;17;0.056
762;4.14;14;14;0
763;1.457;6;6;0
764;0.728;3;3;0
765;1.05;4;4;0
766;4.271;17;16;0.059
767;2.433;9;8;0.111
768;2.1;8;8;0
769;2.07;7;7;0
770;8.983;29;29;0
771;2.1;8;8;0
772;6.211;21;20;0.048
773;3.546;14;12;0.143
774;0.904;4;3;0.25
775;0.728;3;3;0
776;5.178;18;17;0.056
777;4.495;16;15;0.062
778;4.486;15;15;0
779;5.525;24;23;0.042
780;3.11;11;10;0.091
781;6.568;21;20;0.048
782;2.914;12;12;0
783;1.161;5;4;0.2
784;4.853;15;15;0
785;3.796;13;13;0
786;1.385;5;5;0
787;1.726;6;6;0
788;0.904;4;4;0
789;0.728;3;3;0
790;0.728;3;3;0
791;3.11;10;10;0
792;2.416;8;8;0
793;0.452;2;2;0
794;1.385;5;5;0
795;3.399;15;15;0
796;2.416;8;8;0
797;0.728;3;3;0
798;0.904;4;4;0
800;2.77;10;10;0
801;3.226;13;13;0
802;1.161;5;5;0
803;4.155;13;12;0.077
804;1.604;7;6;0.143
805;24.668;96;95;0.01
806;1.457;6;5;0.167
807;2.77;10;9;0.1
808;4.204;18;18;0
809;0.728;3;3;0
810;1.161;5;5;0
811;8.864;35;33;0.057
812;1.604;7;5;0.286
813;1.726;6;6;0
814;4.486;15;14;0.067
819;1.884;8;7;0.125
820;11.801;36;35;0.028
823;9.019;33;32;0.03
824;0.728;3;3;0
825;1.355;6;5;0.167
826;0.728;3;3;0
827;4.486;15;14;0.067
828;0.728;3;3;0
829;3.11;11;11;0
830;1.161;5;4;0.2
831;1.604;7;6;0.143
832;1.773;7;6;0.143
833;2.1;8;7;0.125
834;6.77;27;26;0.037
835;5.522;19;19;0
836;2.499;10;10;0
837;3.87;15;14;0.067
838;5.41;22;21;0.045
839;1.385;5;5;0
840;6.905;24;23;0.042
841;1.161;5;4;0.2
842;0.728;3;3;0
843;3.796;13;12;0.077
844;3.769;16;16;0
845;38.032;111;111;0
846;5.178;18;17;0.056
847;1.385;5;5;0
848;4.836;17;17;0
849;1.161;5;5;0
850;4.155;13;13;0
851;2.416;8;7;0.125
852;2.185;9;9;0
853;9.265;41;40;0.024
854;0.452;2;2;0
855;8.31;26;25;0.038
856;5.178;17;17;0
857;5.551;17;17;0
858;1.457;6;6;0
859;3.796;13;12;0.077
860;2.1;8;7;0.125
861;7.962;25;24;0.04
862;1.05;4;4;0
863;6.25;23;22;0.043
864;1.604;7;6;0.143
865;4.155;15;15;0
866;1.05;4;4;0
867;2.763;9;9;0
868;1.161;5;4;0.2
869;2.77;10;9;0.1
870;3.452;12;12;0
871;1.884;8;7;0.125
872;8.435;35;34;0.029
873;6.963;30;29;0.033
874;1.726;6;6;0
875;1.161;5;5;0
876;2.259;10;10;0
877;3.546;14;14;0
878;1.05;4;4;0
879;2.1;8;7;0.125
880;12.849;39;38;0.026
881;6.22;20;19;0.05
882;2.1;8;7;0.125
883;1.161;5;5;0
884;3.452;12;11;0.083
885;11.452;35;34;0.029
886;2.416;8;8;0
887;1.161;5;4;0.2
888;5.866;20;20;0
890;0.728;3;3;0
891;2.07;7;7;0
892;8.626;29;27;0.069
893;2.416;8;8;0
894;3.458;11;11;0
895;2.77;10;9;0.1
896;33.061;128;124;0.031
897;3.452;12;12;0
898;3.399;15;14;0.067
899;0.904;4;3;0.25
900;4.853;15;15;0
901;1.385;5;5;0
902;0.728;3;3;0
903;7.997;24;23;0.042
904;1.355;6;5;0.167
905;0.728;3;3;0
906;6.599;20;20;0
907;9.706;30;29;0.033
908;2.499;10;10;0
909;0.728;3;3;0
910;1.385;5;5;0
911;1.05;4;4;0
912;0.452;2;2;0
913;5.873;19;18;0.053
914;6.568;21;21;0
915;0.728;3;3;0
916;1.05;4;4;0
917;4.853;15;15;0
919;1.726;6;5;0.167
920;0.904;4;3;0.25
921;1.604;7;6;0.143
922;1.05;4;4;0
924;1.385;5;5;0
925;1.05;4;4;0
926;6.25;19;19;0
927;1.05;4;4;0
928;6.599;20;20;0
929;8.697;26;26;0
930;0.728;3;3;0
931;1.457;6;5;0.167
932;8.631;30;28;0.067
933;0.728;3;3;0
934;4.594;18;17;0.056
935;1.05;4;4;0
936;7.248;31;30;0.032
937;2.05;9;8;0.111
938;7.613;24;23;0.042
939;0.728;3;3;0
940;10.704;35;34;0.029
942;2.763;9;9;0
943;8.659;27;27;0
945;5.653;24;24;0
946;0.452;2;2;0
947;1.726;6;6;0
948;1.161;5;4;0.2
949;2.1;8;8;0
950;3.149;12;12;0
952;4.531;17;17;0
953;2.05;9;8;0.111
954;1.161;5;4;0.2
955;2.1;8;7;0.125
956;2.1;8;7;0.125
958;4.504;14;14;0
959;2.763;9;9;0
960;5.522;23;22;0.043
961;1.457;6;6;0
963;0.452;2;2;0
964;2.416;8;8;0
965;0.904;4;4;0
966;1.773;7;6;0.143
968;5.249;20;19;0.05
969;1.385;5;5;0
970;1.05;4;4;0
971;6.25;19;19;0
972;11.071;35;34;0.029
973;4.853;15;15;0
974;4.531;17;16;0.059
975;2.185;9;8;0.111
976;0.728;3;3;0
977;9.098;40;39;0.025
979;0.904;4;3;0.25
980;5.083;22;21;0.045
981;2.05;9;8;0.111
982;3.11;10;9;0.1
983;2.185;9;8;0.111
984;0.728;3;3;0
985;3.458;11;10;0.091
986;7.962;25;24;0.04
987;1.457;6;5;0.167
988;2.07;7;7;0
989;1.726;6;6;0
990;3.452;12;12;0
991;3.11;10;10;0
992;1.604;7;6;0.143
994;0.728;3;3;0
995;5.866;20;20;0
996;3.796;13;13;0
997;1.05;4;4;0
998;0.728;3;3;0
999;4.14;14;14;0
1000;2.499;11;10;0.091
1001;1.773;7;7;0
1002;4.14;14;13;0.071
1003;1.773;7;6;0.143
1004;5.178;17;17;0
1006;8.347;31;30;0.032
1007;1.161;5;4;0.2
1008;1.726;6;6;0
1009;4.155;15;14;0.067
1010;2.499;10;9;0.1
1011;2.07;7;7;0
1012;1.161;5;5;0
1013;2.1;8;7;0.125
1014;1.457;6;5;0.167
1015;2.1;8;8;0
1016;3.796;13;12;0.077
1017;3.796;13;12;0.077
1018;15.296;46;44;0.043
1019;0.728;3;3;0
1020;6.916;22;21;0.045
1021;0.728;3;3;0
1022;1.884;8;7;0.125
1023;1.161;5;5;0
1024;0.728;3;3;0
1025;5.551;17;16;0.059
1026;7.298;22;22;0
1027;0.728;3;3;0
1028;2.611;11;10;0.091
1029;2.1;8;7;0.125
1030;2.433;9;8;0.111
1032;1.773;7;6;0.143
1033;4.486;15;14;0.067
1034;1.884;8;7;0.125
1035;12.15;37;36;0.027
1036;1.385;5;5;0
1037;1.161;5;4;0.2
1038;3.11;10;9;0.1
1039;1.385;5;5;0
1040;2.1;8;7;0.125
1041;1.457;6;6;0
1042;1.884;8;7;0.125
1043;1.457;6;5;0.167
1044;2.763;9;9;0
1045;5.202;19;19;0
1046;0.904;4;3;0.25
1047;1.161;5;4;0.2
1048;1.726;6;6;0
1050;1.161;5;4;0.2
1051;0.904;4;3;0.25
1052;1.884;8;7;0.125
1053;4.853;15;15;0
1054;1.05;4;3;0.25
1055;1.604;7;6;0.143
1056;0.728;3;3;0
1058;8.288;27;26;0.037
1059;1.05;4;4;0
1060;2.07;7;7;0
1061;0.904;4;4;0
1062;0.728;3;2;0.333
1063;0.728;3;3;0
1064;1.726;6;5;0.167
1065;3.458;11;11;0
1067;1.05;4;4;0
1068;1.604;7;6;0.143
1070;7.265;23;22;0.043
1081;2.07;7;7;0
1082;0.728;3;3;0
1084;2.07;7;6;0.143
1085;1.726;6;6;0
1086;1.161;5;4;0.2
1087;2.499;11;10;0.091
1089;0.452;2;1;0.5
1090;3.796;13;12;0.077
1091;2.416;8;8;0
1092;1.05;4;4;0
1093;3.807;12;12;0
1094;6.25;19;18;0.053
1095;2.416;8;7;0.125
1096;0.452;2;2;0
1097;2.07;7;6;0.143
1098;4.853;15;14;0.067
1099;14.993;44;44;0
1100;3.11;11;10;0.091
1101;4.486;15;14;0.067
1102;1.05;4;4;0
1103;1.05;4;3;0.25
1104;19.891;58;57;0.017
1105;1.726;6;6;0
1106;1.726;6;6;0
1107;5.873;19;18;0.053
1108;0.728;3;2;0.333
1109;1.385;5;4;0.2
1110;3.807;12;11;0.083
1113;1.161;5;4;0.2
1114;0.452;2;2;0
1115;0.728;3;2;0.333
1116;0.728;3;2;0.333
1117;0.728;3;3;0
1118;0.7;2;2;0
1119;3.149;9;9;0
1121;1.4;4;4;0
1122;1.05;3;3;0
1123;1.05;3;3;0
1124;1.75;5;5;0
1125;1.75;5;5;0
1126;2.799;8;8;0
1127;0.7;2;2;0
1128;1.4;4;4;0
1129;1.75;5;5;0
1130;0.7;2;2;0
1131;1.4;4;4;0
1132;0.7;2;2;0
1133;0.7;2;2;0
1134;1.05;3;3;0
1136;4.899;14;14;0
1138;0.7;2;2;0
1139;0.7;2;2;0
1140;3.499;10;10;0
1141;0.7;2;2;0
1142;5.599;16;16;0
1143;3.499;10;10;0
1144;0.7;2;2;0
1145;0.7;2;2;0
1146;3.149;9;9;0
1147;0.7;2;2;0
1149;5.599;16;16;0
1150;0.7;2;2;0
1151;0.7;2;2;0
1152;0.7;2;2;0
1164;4.199;12;12;0
1165;0.7;2;2;0
1166;1.05;3;3;0
1167;1.75;5;5;0
1168;0.35;1;1;0
1169;3.499;10;10;0
1170;5.249;15;15;0
1171;1.05;3;3;0
1172;0.35;1;1;0
1173;1.05;3;3;0
1174;0.35;1;1;0
1175;6.999;20;20;0
1176;3.149;9;9;0
1177;0.7;2;2;0
1178;1.05;3;3;0
1179;0.7;2;2;0
1180;0.7;2;2;0
1181;1.05;3;3;0
1182;0.7;2;2;0
1183;1.05;3;3;0
1184;7.698;22;22;0
1185;0.7;2;2;0
1186;5.599;16;16;0
1187;1.4;4;4;0
1188;0.35;1;1;0
1189;6.999;20;20;0
1190;2.449;7;7;0
1191;0.7;2;2;0
1192;0.7;2;2;0
1193;0.7;2;2;0
1194;0.35;1;1;0
1195;1.4;4;4;0
1196;1.75;5;5;0
1197;2.1;6;6;0
1198;0.35;1;1;0
1199;0.7;2;2;0
1200;0.35;1;1;0
1201;1.05;3;3;0
1202;0.7;2;2;0
1203;0.7;2;2;0
1204;37.792;108;108;0
1205;1.05;3;3;0
1206;2.1;6;6;0
1207;1.05;3;3;0
1208;1.75;5;5;0
1209;1.75;5;5;0
1210;3.149;9;9;0
1211;0.7;2;2;0
1212;1.4;4;4;0
1213;0.7;2;2;0
1214;0.7;2;2;0
1215;7.698;22;22;0
1216;11.898;34;34;0
1217;0.35;1;1;0
1218;2.449;7;7;0
1219;0.35;1;1;0
1220;5.599;16;16;0
1221;0.7;2;2;0
1222;0.35;1;1;0
1223;2.1;6;6;0
1224;1.75;5;5;0
1225;0.7;2;2;0
1226;0.35;1;1;0
1227;1.4;4;4;0
1228;2.449;7;7;0
1229;0.7;2;2;0
1230;1.75;5;5;0
1231;1.75;5;5;0
1232;0.7;2;2;0
1233;0.7;2;2;0
1234;2.1;6;6;0
1235;2.449;7;7;0
1236;1.75;5;5;0
1237;0.7;2;2;0
1238;0.7;2;2;0
1239;0.35;1;1;0
1240;0.7;2;2;0
1241;4.899;14;14;0
1242;1.05;3;3;0
1243;0.35;1;1;0
1244;1.75;5;5;0
1245;3.499;10;10;0
1246;1.4;4;4;0
1247;0.7;2;2;0
1248;1.4;4;4;0
1250;1.75;5;5;0
1251;0.7;2;2;0
1252;1.05;3;3;0
1253;1.4;4;4;0
1254;1.4;4;4;0
1256;0.7;2;2;0
1257;0.35;1;1;0
1258;0.35;1;1;0
1259;0.35;1;1;0
1260;0.35;1;1;0
1261;1.4;4;4;0
1262;0.35;1;1;0
1263;0.35;1;1;0
1264;0.35;1;1;0
1265;1.05;3;3;0
1266;0.35;1;1;0
1267;0.35;1;1;0
1268;1.05;3;3;0
1269;0.7;2;2;0
1271;1.05;3;3;0
1272;2.799;8;8;0
1273;0.35;1;1;0
1274;0.35;1;1;0
1275;0.35;1;1;0
1276;1.75;5;5;0
1277;1.75;5;5;0
1278;1.05;3;3;0
1280;3.149;9;9;0
1281;1.05;3;3;0
1283;1.75;5;5;0
1284;0.35;1;1;0
1285;1.4;4;4;0
1286;0.7;2;2;0
1287;0.35;1;1;0
1288;0.35;1;1;0
1289;0.7;2;2;0
1290;0.35;1;1;0
1291;0.35;1;1;0
1292;1.75;5;5;0
1293;0.35;1;1;0
1294;0.35;1;1;0
1295;0.7;2;2;0
1296;0;0;0;1
1297;0;0;0;1
1298;0;0;0;1
1299;0;0;0;1
1301;0;0;0;1
1302;0;0;0;1
1303;0;0;0;1
1304;0;0;0;1
1305;0;0;0;1
1306;0;0;0;1
1307;0;0;0;1
1308;0;0;0;1
1309;0;0;0;1
1310;0;0;0;1
1311;0;0;0;1
1312;0;0;0;1
1313;0;0;0;1
1314;0;0;0;1
1315;0;0;0;1
1316;0;0;0;1
1317;0;0;0;1
1318;0;0;0;1
1320;0;0;0;1
1321;0;0;0;1
1322;0;0;0;1
1323;0;0;0;1
1324;0;0;0;1
1325;0;0;0;1
1326;0;0;0;1
1327;0;0;0;1
1328;0;0;0;1
1329;0;0;0;1
1330;0;0;0;1
1331;0;0;0;1
1332;0;0;0;1
1333;0;0;0;1
1334;0;0;0;1
1335;0;0;0;1
1336;0;0;0;1
1337;0;0;0;1
1338;0;0;0;1
1339;0;0;0;1
1340;0;0;0;1
1341;0;0;0;1
1342;0;0;0;1
1343;0;0;0;1
1344;0;0;0;1
1345;0;0;0;1
1346;0;0;0;1
1347;0;0;0;1
1348;0;0;0;1
1349;0;0;0;1
1350;0;0;0;1
1352;0;0;0;1
1353;0;0;0;1
1354;0;0;0;1
1355;0;0;0;1
1357;0;0;0;1
1358;0;0;0;1
1359;0;0;0;1
1360;0;0;0;1
1361;0;0;0;1
1362;0;0;0;1
1363;0;0;0;1
1364;0;0;0;1
1365;0;0;0;1
1366;0;0;0;1
1367;0;0;0;1
1368;0;0;0;1
1369;0;0;0;1
1370;0;0;0;1
1371;0;0;0;1
1372;0;0;0;1
1375;0;0;0;1
1376;0;0;0;1
1377;0;0;0;1
1378;0;0;0;1
1379;0;0;0;1
1380;0;0;0;1
1381;0;0;0;1
1382;0;0;0;1
1383;0;0;0;1
1384;0;0;0;1
1385;0;0;0;1
1386;0;0;0;1
1387;0;0;0;1
1388;0;0;0;1
1389;0;0;0;1
1390;0;0;0;1
1391;0;0;0;1
1392;0;0;0;1
1393;0;0;0;1
1394;0;0;0;1
1395;0;0;0;1
1396;0;0;0;1
1397;0;0;0;1
1398;0;0;0;1
1399;0;0;0;1
1400;0;0;0;1
1401;0;0;0;1
1402;0;0;0;1
1403;0;0;0;1
1404;0;0;0;1
1405;0;0;0;1
1406;0;0;0;1
1407;0;0;0;1
1408;0;0;0;1
1409;0;0;0;1
1410;0;0;0;1
1412;0;0;0;1
1413;0;0;0;1
1414;0;0;0;1
1415;0;0;0;1
1416;0;0;0;1
1417;0;0;0;1
1418;0;0;0;1
1419;0;0;0;1
1420;0;0;0;1
1421;0;0;0;1
1422;0;0;0;1
1423;0;0;0;1
1424;0;0;0;1
1425;0;0;0;1
1426;0;0;0;1
1427;0;0;0;1
1428;0;0;0;1
1429;0;0;0;1
1430;0;0;0;1
1431;0;0;0;1
1432;0;0;0;1
1433;0;0;0;1
1434;0;0;0;1
1435;0;0;0;1
1436;0;0;0;1
1437;0;0;0;1
1438;0;0;0;1
1439;0;0;0;1
1440;0;0;0;1
1441;0;0;0;1
1442;0;0;0;1
1443;0;0;0;1
1444;0;0;0;1
1445;0;0;0;1
1446;0;0;0;1
1447;0;0;0;1
1448;0;0;0;1
1449;0;0;0;1
1450;0;0;0;1
1451;0;0;0;1
1452;0;0;0;1
1453;0;0;0;1
1454;0;0;0;1
1455;0;0;0;1
1456;0;0;0;1
1457;0;0;0;1
1458;0;0;0;1
1459;0;0;0;1
1460;0;0;0;1
1461;0;0;0;1
1462;0;0;0;1
1463;0;0;0;1
1464;0;0;0;1
1465;0;0;0;1
1466;0;0;0;1
1467;0;0;0;1
1468;0;0;0;1
1469;0;0;0;1
1470;0;0;0;1
1471;0;0;0;1
1472;0;0;0;1
1473;0;0;0;1
1475;0;0;0;1
1476;0;0;0;1
1477;0;0;0;1
1478;0;0;0;1
1481;0;0;0;1
1490;0;0;0;1
1491;0;0;0;1
1492;0;0;0;1
1493;0;0;0;1
1495;0;0;0;1
1496;0;0;0;1
1497;0;0;0;1
1498;0;0;0;1
1499;0;0;0;1
1500;0;0;0;1
1501;0;0;0;1
1502;0;0;0;1
1503;0;0;0;1
1504;0;0;0;1
1506;0;0;0;1
1507;0;0;0;1
1508;0;0;0;1
1509;0;0;0;1
1510;0;0;0;1
1511;0;0;0;1
1513;0;0;0;1
1514;0;0;0;1
1515;0;0;0;1
1516;0;0;0;1
1517;0;0;0;1
1518;0;0;0;1
1519;0;0;0;1
1520;0;0;0;1
1521;0;0;0;1
1522;0;0;0;1
1523;0;0;0;1
1524;0;0;0;1
1525;0;0;0;1
1526;0;0;0;1
1527;0;0;0;1
1528;0;0;0;1
1530;0;0;0;1
1531;0;0;0;1
1532;0;0;0;1
1533;0;0;0;1
1534;0;0;0;1
1535;0;0;0;1
1546;0;0;0;1
1547;0;0;0;1
1548;0;0;0;1
1549;0;0;0;1
1550;0;0;0;1
1551;0;0;0;1
1552;0;0;0;1
1553;0;0;0;1
1554;0;0;0;1
1555;0;0;0;1
1556;0;0;0;1
1567;0;0;0;1
1568;0;0;0;1
1569;0;0;0;1
1570;0;0;0;1
1571;0;0;0;1
1572;0;0;0;1
1573;0;0;0;1
1574;0;0;0;1
1575;0;0;0;1
1576;0;0;0;1
1577;0;0;0;1
1578;0;0;0;1
1579;0;0;0;1
1580;0;0;0;1
1581;0;0;0;1
1582;0;0;0;1
1583;0;0;0;1
1585;0;0;0;1
1586;0;0;0;1
1587;0;0;0;1
1588;0;0;0;1
1589;0;0;0;1
1590;0;0;0;1
1591;0;0;0;1
1592;0;0;0;1
1593;0;0;0;1
1594;0;0;0;1
1595;0;0;0;1
1596;0;0;0;1
1597;0;0;0;1
1598;0;0;0;1
1599;0;0;0;1
1600;0;0;0;1
1601;0;0;0;1
1602;0;0;0;1
1603;0;0;0;1
1604;0;0;0;1
1605;0;0;0;1
1606;0;0;0;1
1607;0;0;0;1
1608;0;0;0;1
1609;0;0;0;1
1610;0;0;0;1
1611;0;0;0;1
1612;0;0;0;1
1613;0;0;0;1
1614;0;0;0;1
1615;0;0;0;1
1616;0;0;0;1
1617;0;0;0;1
1619;0;0;0;1
1620;0;0;0;1
1621;0;0;0;1
1622;0;0;0;1
1623;0;0;0;1
1624;0;0;0;1
1625;0;0;0;1
1626;0;0;0;1
1627;0;0;0;1
1629;0;0;0;1
1632;0;0;0;1
1633;0;0;0;1
1635;0;0;0;1
1636;0;0;0;1
1637;0;0;0;1
1638;0;0;0;1
1639;0;0;0;1
1640;0;0;0;1
1641;0;0;0;1
1642;0;0;0;1
1643;0;0;0;1
1644;0;0;0;1
1645;0;0;0;1
1646;0;0;0;1
1647;0;0;0;1
1648;0;0;0;1
1649;0;0;0;1
1660;0;0;0;1
1661;0;0;0;1
1662;0;0;0;1
1663;0;0;0;1
1664;0;0;0;1
1665;0;0;0;1
1666;0;0;0;1
1667;0;0;0;1
1668;0;0;0;1
1669;0;0;0;1
1670;0;0;0;1
1671;0;0;0;1
1672;0;0;0;1
1673;0;0;0;1
1674;0;0;0;1
1675;0;0;0;1
1676;0;0;0;1
1677;0;0;0;1
1678;0;0;0;1
1679;0;0;0;1
1680;0;0;0;1
1681;0;0;0;1
1682;0;0;0;1
1683;0;0;0;1
1684;0;0;0;1
1685;0;0;0;1
1686;0;0;0;1
1687;0;0;0;1
1688;0;0;0;1
1689;0;0;0;1
1690;0;0;0;1
1691;0;0;0;1
1692;0;0;0;1
1693;0;0;0;1
1694;0;0;0;1
1695;0;0;0;1
1696;0;0;0;1
1697;0;0;0;1
1698;0;0;0;1
1699;0;0;0;1
1700;0;0;0;1
1701;0;0;0;1
1702;0;0;0;1
1703;0;0;0;1
1704;0;0;0;1
1705;0;0;0;1
1706;0;0;0;1
1707;0;0;0;1
1708;0;0;0;1
1709;0;0;0;1
1710;0;0;0;1
1711;0;0;0;1
1712;0;0;0;1
1713;0;0;0;1
1714;0;0;0;1
1715;0;0;0;1
1716;0;0;0;1
1717;0;0;0;1
1718;0;0;0;1
1719;0;0;0;1
1720;0;0;0;1
1721;0;0;0;1
1722;0;0;0;1
1723;0;0;0;1
1724;0;0;0;1
1725;0;0;0;1
1726;0;0;0;1
1727;0;0;0;1
1728;0;0;0;1
1729;0;0;0;1
1730;0;0;0;1
1731;0;0;0;1
1732;0;0;0;1
1733;0;0;0;1
1735;0;0;0;1
1736;0;0;0;1
1737;0;0;0;1
1738;0;0;0;1
1739;0;0;0;1
1740;0;0;0;1
1741;0;0;0;1
1742;0;0;0;1
1743;0;0;0;1
1744;0;0;0;1
1746;0;0;0;1
1747;0;0;0;1
1748;0;0;0;1
1749;0;0;0;1
1750;0;0;0;1
1751;0;0;0;1
1753;0;0;0;1
1754;0;0;0;1
1756;0;0;0;1
1757;0;0;0;1
1759;0;0;0;1
1761;0;0;0;1
1762;0;0;0;1
1764;0;0;0;1
1765;0;0;0;1
1766;0;0;0;1
1767;0;0;0;1
1768;0;0;0;1
1769;0;0;0;1
1770;0;0;0;1
1772;0;0;0;1
1773;0;0;0;1
1774;0;0;0;1
1775;0;0;0;1
1776;0;0;0;1
1777;0;0;0;1
1778;0;0;0;1
1779;0;0;0;1
1780;0;0;0;1
1781;0;0;0;1
1782;0;0;0;1
1783;0;0;0;1
1784;0;0;0;1
1795;0;0;0;1
1796;0;0;0;1
1797;0;0;0;1
1798;0;0;0;1
1799;0;0;0;1
1800;0;0;0;1
1801;0;0;0;1
1802;0;0;0;1
1804;0;0;0;1
1805;0;0;0;1
1806;0;0;0;1
1807;0;0;0;1
1808;0;0;0;1
1809;0;0;0;1
1810;0;0;0;1
1811;0;0;0;1
1812;0;0;0;1
1813;0;0;0;1
1814;0;0;0;1
1815;0;0;0;1
1816;0;0;0;1
1817;0;0;0;1
1818;0;0;0;1
1819;0;0;0;1
1820;0;0;0;1
1821;0;0;0;1
1822;0;0;0;1
1823;0;0;0;1
1824;0;0;0;1
1825;0;0;0;1
1826;0;0;0;1
1827;0;0;0;1
1828;0;0;0;1
1829;0;0;0;1
1830;0;0;0;1
1831;0;0;0;1
1832;0;0;0;1
1833;0;0;0;1
1834;0;0;0;1
1835;0;0;0;1
1836;0;0;0;1
1837;0;0;0;1
1838;0;0;0;1
1839;0;0;0;1
1840;0;0;0;1
1842;0;0;0;1
1844;0;0;0;1
1845;0;0;0;1
1846;0;0;0;1
1847;0;0;0;1
1848;0;0;0;1
1849;0;0;0;1
1850;0;0;0;1
1851;0;0;0;1
1852;0;0;0;1
1853;0;0;0;1
1854;0;0;0;1
1865;0;0;0;1
1867;0;0;0;1
1868;0;0;0;1
1869;0;0;0;1
1870;0;0;0;1
1871;0;0;0;1
1872;0;0;0;1
1873;0;0;0;1
1874;0;0;0;1
1875;0;0;0;1
1876;0;0;0;1
1877;0;0;0;1
1878;0;0;0;1
1879;0;0;0;1
1880;0;0;0;1
1881;0;0;0;1
1882;0;0;0;1
1883;0;0;0;1
1884;0;0;0;1
1885;0;0;0;1
1886;0;0;0;1
1887;0;0;0;1
1888;0;0;0;1
1890;0;0;0;1
1891;0;0;0;1
1892;0;0;0;1
1893;0;0;0;1
1894;0;0;0;1
1895;0;0;0;1
1896;0;0;0;1
1897;0;0;0;1
1898;0;0;0;1
1899;0;0;0;1
